domain,business_name,city
yavuzreisen.com,Paradies Reisen Yavuz Alsdorf,Alsdorf
paradies-reisen.de,Yavuz Paradies Reisen,Düren
isikfly.de,Isik Reisen,Hamm
yuekselreisen.de,Yüksel Reisen Mülheim,Mülheim
gelsenfly.de,GelsenFly,Gelsenkirchen
pusulatur.de,Pusula Tur Almanya,Mannheim
turquisereisen.com,Turquise Reisen,
magic-fly.de,MFT Magic Fly Touristic oHG,
reiseagentur-linke.de,Reiseagentur Linke,Riedbach
rsb-istanbul.de,Reisebüro Istanbul,Augsburg
xn--gnstiger-reisen-zvb.de,Günstiger-Reisen.de / SAT Reisewelten Gm,Berlin
oscarreisen.de,Oscar Reisen GmbH,Augsburg
flybas.de,Baslar Travelcenter,Neuss
nanereiseburo.de,NANE REISEBURO,Herten
concierge-travel.de,Concierge Travel Preisvergleich-Reiseber,Berlin
reisebuero-aras.de,Kalan Reisebüro,Hagen
aytours-reisen.de,AY Tours ReiseBüro,Berlin
callandtravel.de,Reiseagentur / Reisebüro Call and Travel,Berlin
saylan-reisen.de,Saylan Reisen,Düsseldorf
paradies-reisen.com,Lange Reisen,Düren
paradise-reisen.de,Paradise Reisen Augsburg,Augsburg
reise-urlaubsparadies.de,Reisebüro Urlaubsparadies - Inh. Rainer ,Dresden
centurytravels.de,CENTURY Travels GmbH,Dortmund
akguel.com,TURKISH AIRLINES GENERAL AGENTUR Akgül R,Duisburg
bizimreisen.de,Bizim Reisen,Castrop-Rauxel
natela-reisen.de,Reisebüro Natela,Singen
ideenreichundreisen.de,Reisebüro IDEENREICH,Oberkrämer
gerber-reisen.de,Gerber Touristik GmbH,Berlin
berkreisen.de,Berk Reisen Tzelal Suleimantzik,Augsburg
bizimtur.online,Bizim Tur,Berlin
jetontravels.de,Reisebüro Jet on travels,Berlin
yukselreise.de,Yüksel Reisebüro Aachen,Aachen
bonvoyagereisen.de,Bon Voyage Reisen,
arasreisen.com,Aras Reisen,Kehl
edareisen.com,edareisen,Offenbach
esenreisen.de,Esen Reisen,Bielefeld
leventisikli.com,Levent Isikli,Freiburg im Breisg
flydrive24.com,FlyDrive Travel,
livatouristik.de,Liva touristik GmbH,Hanover
arat-reisen.de,Arat Reisebüro,
melinreisen.com,Melin Reisen,Schramberg
ucak.net,Ülger Tours GmbH,Düsseldorf
turkalmanturizmmerkezi.org,TATM - Türk Alman Turizm Merkezi - Türki,Berlin
gravitetravel.com,Gravite Turizm,Berlin
blaue-reise-tuerkei.de,Blaue Reise Türkei,Düsseldorf
birgezi.de,birgezi.de,Bochum
tatilburada.de,Tatil Burada,Frankfurt am Main
guclutravel.de,Güclü Travel,
ceno-travel.com,Laurensberger Reisebüro- C&O Travel GmbH,Würselen
lmh-holiday.de,LMH Last Minute Holiday GmbH,Wildau
ost-west-reisen.de,East West Travel Essen,Essen
reisetravel.eu,ReiseTravel.eu,
star-reisen.eu,Star Reisen - Reisebüro am Altmarkt - 4T,Oberhausen
be-re.de,Bequem Reisen,Neuenkirchen
kraft-travel-singen.de,Kraft Travel-Singen,Singen
usdtravel.eu,Usd Travel- Gmbh,Weiden in der Ober
mollisreisen.de,Mollis Reise Center Inh. Jürgen Theuerka,Biederitz
