processed_at,status,business_name,city,category,website,domain,best_email,all_emails,email_source_url,pages_checked,checked_urls,reason,source_url,google_maps_url,place_id
2026-07-26T06:29:52Z,found,merketour.com,,,https://merketour.com,merketour.com,info@merketour.com,info@merketour.com,https://www.merketour.com/,6,https://www.merketour.com/ | https://www.merketour.com//iletisim | https://www.merketour.com/contact | https://www.merketour.com/contact-us | https://www.merketour.com/contacts | https://www.merketour.com/iletisim,source_visible_email_found,,,
2026-07-26T06:29:57Z,found,ancetour.com,,,https://ancetour.com,ancetour.com,info@ancetour.com,info@ancetour.com;ornek@mail.com,https://ancetour.com/iletisim/,6,https://ancetour.com/ | https://ancetour.com/hakkimizda/ | https://ancetour.com/hizmetlerimiz/otel-ve-tur-rezervasyonlari/ | https://ancetour.com/iletisim/ | https://ancetour.com/hizmetlerimiz/gemi-cruise-turlari/ | https://ancetour.com/en/contact/,source_visible_email_found,,,
2026-07-26T06:30:03Z,found,aquamice.com,,,https://aquamice.com,aquamice.com,info@aquamice.com,info@aquamice.com,https://aquamice.com/,3,https://aquamice.com/ | https://www.aquamice.com/about-us | https://www.aquamice.com/index.php,source_visible_email_found,,,
2026-07-26T06:30:11Z,found,baymice.com,,,https://baymice.com,baymice.com,info@baymice.com,info@baymice.com,https://baymice.com/,1,https://baymice.com/,source_visible_email_found,,,
2026-07-26T06:30:16Z,failed,fmtmice.com,,,https://fmtmice.com,fmtmice.com,,,,0,,homepage_fetch_failed,,,
2026-07-26T06:30:19Z,found,groupmice.com,,,https://groupmice.com,groupmice.com,info@groupmice.com,info@groupmice.com;ozgur@groupmice.com;zeynep@groupmice.com;operasyon@groupmice.com;rezervasyon@groupmice.com;muhasebe@groupmice.com;cenk@tuzlatasarim.com.tr;nima@groupmice.com,https://groupmice.com/,6,https://groupmice.com/ | https://groupmice.com/Hakkimizda | https://groupmice.com/Iletisim | https://groupmice.com/contact | https://groupmice.com/contact-us | https://groupmice.com/contacts,source_visible_email_found,,,
2026-07-26T06:30:23Z,failed,holiday-destination-services.com,,,https://holiday-destination-services.com,holiday-destination-services.com,,,,0,,homepage_fetch_failed,,,
2026-07-26T06:30:24Z,found,meetingextra.com,,,https://meetingextra.com,meetingextra.com,info@meetingextra.com,nurcan.goktepe@meetingextra.com;info@meetingextra.com,https://www.meetingextra.com/,1,https://www.meetingextra.com/,source_visible_email_found,,,
2026-07-26T06:30:32Z,failed,meeting-point.com,,,https://meeting-point.com,meeting-point.com,,,,0,,homepage_fetch_failed,,,
2026-07-26T06:30:56Z,found,melinotravel.com,,,https://melinotravel.com,melinotravel.com,sales@melinotravel.com,sales@melinotravel.com,https://melinotravel.ru/,1,https://melinotravel.ru/,source_visible_email_found,,,
2026-07-26T06:31:08Z,found,nextholidayservices.com,,,https://nextholidayservices.com,nextholidayservices.com,info@nextholidayservices.com,info@nextholidayservices.com,https://www.nextholidayservices.com/tr/iletisim,3,https://www.nextholidayservices.com/ | https://www.nextholidayservices.com/tr/hakkimizda | https://www.nextholidayservices.com/tr/iletisim,source_visible_email_found,,,
2026-07-26T06:31:20Z,found,planbmice.com.tr,,,https://planbmice.com.tr,planbmice.com.tr,info@planbmice.com.tr,info@planbmice.com.tr,http://www.planbmice.com.tr/iletisim-formu/,3,http://www.planbmice.com.tr/ | http://www.planbmice.com.tr/iletisim-formu/ | http://www.planbmice.com.tr/iletisim-formu/,source_visible_email_found,,,
2026-07-26T06:31:32Z,failed,rocketdmc.com,,,https://rocketdmc.com,rocketdmc.com,,,,0,,homepage_fetch_failed,,,
2026-07-26T06:32:18Z,found,bluedaystravel.com,,,https://bluedaystravel.com,bluedaystravel.com,info@bluedaystravel.com,info@bluedaystravel.com,https://www.bluedaystravel.com/,1,https://www.bluedaystravel.com/,source_visible_email_found,,,
2026-07-26T06:32:23Z,no_email,vturizm.com,,,https://vturizm.com,vturizm.com,,,,2,http://vturizm.com/ | http://vturizm.com/contact.html,no_source_visible_email,,,
2026-07-26T06:32:27Z,found,aquasun.com.tr,,,https://aquasun.com.tr,aquasun.com.tr,info@aquasun.com.tr,info@aquasun.com.tr,https://www.aquasun.com.tr/,1,https://www.aquasun.com.tr/,source_visible_email_found,,,
2026-07-26T06:32:37Z,found,express-airtravel.com,,,https://express-airtravel.com,express-airtravel.com,info@expressairtravel.net,info@expressairtravel.net;isminiz@firmaismi.com,https://www.express-airtravel.com/tr/,6,https://www.express-airtravel.com/tr/ | https://www.express-airtravel.com/tr/hakk%C4%B1m%C4%B1zda | https://www.express-airtravel.com/tr/iletisim | https://www.express-airtravel.com/tr/contact | https://www.express-airtravel.com/tr/contact-us | https://www.express-airtravel.com/tr/contacts,source_visible_email_found,,,
2026-07-26T06:32:47Z,found,mithratravel.com,,,https://mithratravel.com,mithratravel.com,mithra@superonline.com,mithra@superonline.com;bvos12@superonline.com;meryemks@gmail.com,https://mithratravel.com/,6,https://mithratravel.com/ | https://mithratravel.com/sustainability-2/ | https://mithratravel.com/privacy-booking-conditions/ | https://mithratravel.com/contact-2/ | https://mithratravel.com/about-mithra-travel/ | https://mithratravel.com/contact-2/,source_visible_email_found,,,
2026-07-26T06:32:56Z,found,antalya.gov.tr,,,https://antalya.gov.tr,antalya.gov.tr,antalya@icisleri.gov.tr,antalya@icisleri.gov.tr,https://antalya.gov.tr/iletisim,3,https://antalya.gov.tr/ | https://antalya.gov.tr/kurumsal-kimlik | https://antalya.gov.tr/iletisim,source_visible_email_found,,,
2026-07-26T06:33:06Z,found,ehnturizm.com.tr,,,https://ehnturizm.com.tr,ehnturizm.com.tr,info@ehnturizm.com.tr,info@ehnturizm.com.tr,https://ehnturizm.com.tr/,4,https://ehnturizm.com.tr/ | https://ehnturizm.com.tr/hakkimizda/ | https://ehnturizm.com.tr/iletisim/ | https://ehnturizm.com.tr/iletisim/,source_visible_email_found,,,
2026-07-26T06:33:16Z,found,akdenizgezifirsatlari.com,,,https://akdenizgezifirsatlari.com,akdenizgezifirsatlari.com,info@akdenizgezifirsatlari.com,info@akdenizgezifirsatlari.com.tr;info@akdenizgezifirsatlari.com,https://akdenizgezifirsatlari.com/kvkk,6,https://akdenizgezifirsatlari.com/ | https://akdenizgezifirsatlari.com/hakkimizda | https://akdenizgezifirsatlari.com/iletisim | https://akdenizgezifirsatlari.com/erken-rezervasyon-turlari | https://akdenizgezifirsatlari.com/kvkk | https://akdenizgezifirsatlari.com/satis-sozlesmesi,source_visible_email_found,,,
2026-07-26T06:33:20Z,found,htsheltontravel.com,,,https://htsheltontravel.com,htsheltontravel.com,info@htsheltontravel.com,info@htsheltontravel.com,https://htsheltontravel.com/,5,https://htsheltontravel.com/ | https://htsheltontravel.com/hakkimizda | https://htsheltontravel.com/iletisim | https://htsheltontravel.com/erken-rezervasyon | https://htsheltontravel.com/mybooking,source_visible_email_found,,,
2026-07-26T06:33:25Z,found,pamukkale.com.tr,,,https://pamukkale.com.tr,pamukkale.com.tr,info@pamukkale.com.tr,info@pamukkale.com.tr;apamukkale@hs01.kep.tr;satisortakligi@pamukkale.com.tr,https://www.pamukkale.com.tr/,4,https://www.pamukkale.com.tr/ | https://www.pamukkale.com.tr/kvkk-yasal-sozlesmeler/ | https://www.pamukkale.com.tr/bilet-satis-ortakligi/ | https://www.pamukkale.com.tr/iletisim/,source_visible_email_found,,,
2026-07-26T06:33:30Z,found,saklikent.com.tr,,,https://saklikent.com.tr,saklikent.com.tr,info@saklikent.com.tr,info@saklikent.com.tr,https://www.saklikent.com.tr/,3,https://www.saklikent.com.tr/ | https://www.saklikent.com.tr/saklikent-kayak-merkezi/menu/tr/9/iletisim.aspx | https://www.saklikent.com.tr/saklikent-kayak-merkezi/menu/tr/9/ulasim-ve-iletisim.aspx,source_visible_email_found,,,
2026-07-26T06:33:41Z,found,turkertasimacilik.com,,,https://turkertasimacilik.com,turkertasimacilik.com,info@turkertasimacilik.com,turkertasimacilik@hotmail.com;info@turkertasimacilik.com,https://turkertasimacilik.com/,3,https://turkertasimacilik.com/ | https://turkertasimacilik.com/turker-tasimacilik-personel-servisi-antalya-hakkimizda.html | https://turkertasimacilik.com/turker-tasimacilik-personel-servisi-antalya-iletisim.html,source_visible_email_found,,,
2026-07-26T06:33:45Z,failed,mnalpha.com,,,https://mnalpha.com,mnalpha.com,,,,0,,homepage_fetch_failed,,,
2026-07-26T06:33:46Z,found,antalyabeautiful.com,,,https://antalyabeautiful.com,antalyabeautiful.com,ibrahimkatlav@gmail.com,ibrahimkatlav@gmail.com,https://antalyabeautiful.com/antalya-teias-misafirhane/,2,https://antalyabeautiful.com/ | https://antalyabeautiful.com/antalya-teias-misafirhane/,source_visible_email_found,,,
2026-07-26T06:33:50Z,found,antalyatourbox.com,,,https://antalyatourbox.com,antalyatourbox.com,info@antalyatourbox.com,info@antalyatourbox.com,https://antalyatourbox.com/tr,2,https://antalyatourbox.com/tr | https://antalyatourbox.com/tr/contact,source_visible_email_found,,,
2026-07-26T06:33:55Z,failed,anttour.net,,,https://anttour.net,anttour.net,,,,0,,homepage_fetch_failed,,,
2026-07-26T06:33:57Z,found,hurkantour.com,,,https://hurkantour.com,hurkantour.com,info@hurkantour.com,info@hurkantour.com,https://hurkantour.com/,6,https://hurkantour.com/ | https://hurkantour.com/tr/iletisim | https://hurkantour.com/tr/hakkimizda | https://hurkantour.com/contact | https://hurkantour.com/contact-us | https://hurkantour.com/contacts,source_visible_email_found,,,
2026-07-26T06:34:02Z,failed,jollytur.com,,,https://jollytur.com,jollytur.com,,,,0,,homepage_fetch_failed,,,
2026-07-26T06:34:02Z,no_email,alenatour-antalya.web.app,,,https://alenatour-antalya.web.app,alenatour-antalya.web.app,,,,6,https://alenatour-antalya.web.app/ | https://alenatour-antalya.web.app/my-bookings | https://alenatour-antalya.web.app/booking/VIP | https://alenatour-antalya.web.app/contact | https://alenatour-antalya.web.app/contact-us | https://alenatour-antalya.web.app/contacts,no_source_visible_email,,,
2026-07-26T06:34:05Z,found,adokamp.com,,,https://adokamp.com,adokamp.com,saygin07@hotmail.com,saygin07@hotmail.com,https://adokamp.com/,3,https://adokamp.com/ | https://adokamp.com/hakkimizda/ | https://adokamp.com/iletisim/,source_visible_email_found,,,
2026-07-26T06:34:10Z,found,ahlanantalya.com,,,https://ahlanantalya.com,ahlanantalya.com,info@ahlanantalya.com,info@ahlanantalya.com,https://ahlanantalya.com/,4,https://ahlanantalya.com/ | https://ahlanantalya.com/about-us | https://ahlanantalya.com/about-antalya | https://ahlanantalya.com/contact-us,source_visible_email_found,,,
2026-07-26T06:34:16Z,found,airlinel.com,,,https://airlinel.com,airlinel.com,booking@airlinel.com,info@airlinel.com;booking@airlinel.com,https://airlinel.com/,6,https://airlinel.com/ | https://airlinel.com/about-us/ | https://airlinel.com/services/ | https://airlinel.com/about-us/contact-turkiye/ | https://airlinel.com/cookie-policy/ | https://airlinel.com/about-us/contact-us/,source_visible_email_found,,,
2026-07-26T06:34:22Z,found,airportantalyatransfers.com,,,https://airportantalyatransfers.com,airportantalyatransfers.com,info@airportantalyatransfers.com,info@airportantalyatransfers.com,https://airportantalyatransfers.com/EN/contact-phone-safety-comfortable-transfer-tour,6,https://airportantalyatransfers.com/ | https://airportantalyatransfers.com/EN/about-us | https://airportantalyatransfers.com/EN/contact-phone-safety-comfortable-transfer-tour | https://airportantalyatransfers.com/EN/privacy-and-security | https://airportantalyatransfers.com/EN/sales-agreement | https://airportantalyatransfers.com/EN/kvkk,source_visible_email_found,,,
2026-07-26T06:34:24Z,found,amatistour.com,,,https://amatistour.com,amatistour.com,info@amatistour.com,info@amatistour.com,https://amatistour.com/,6,https://amatistour.com/ | https://www.amatistour.com/2026-nisan-ara-tatil-turlari/ | https://www.amatistour.com/iletisim/ | https://www.amatistour.com/hakkimizda/ | https://www.amatistour.com/rezervasyon-kosullari/ | https://www.amatistour.com/mesafeli-satis-soezlesmesi/,source_visible_email_found,,,
2026-07-26T06:34:28Z,failed,holidaysamazon.com,,,https://holidaysamazon.com,holidaysamazon.com,,,,0,,homepage_fetch_failed,,,
2026-07-26T06:34:28Z,failed,amertravel.com.tr,,,https://amertravel.com.tr,amertravel.com.tr,,,,0,,homepage_fetch_failed,,,
2026-07-26T06:34:28Z,found,antalyaflytransfer.com,,,https://antalyaflytransfer.com,antalyaflytransfer.com,info@antalyaflytransfer.com,info@antalyaflytransfer.com,https://www.antalyaflytransfer.com/,6,https://www.antalyaflytransfer.com/ | https://www.antalyaflytransfer.com/en/corprate | https://www.antalyaflytransfer.com/en/contact | https://www.antalyaflytransfer.com/en/blog/antalya-airport-transfer-reservation | https://www.antalyaflytransfer.com/en/policy/confidentiality-and-security-agreement | https://www.antalyaflytransfer.com/en/policy/distance-sales-agreement,source_visible_email_found,,,
2026-07-26T06:34:32Z,found,antalyameraki.com.tr,,,https://antalyameraki.com.tr,antalyameraki.com.tr,beserkavaz@gmail.com,beserkavaz@gmail.com,https://antalyameraki.com.tr/,1,https://antalyameraki.com.tr/,source_visible_email_found,,,
2026-07-26T06:34:42Z,found,antalyatrainingcamp.com,,,https://antalyatrainingcamp.com,antalyatrainingcamp.com,reservation@antalyatrainingcamp.com,info@antalyatrainingcamp.com;reservation@antalyatrainingcamp.com,https://www.antalyatrainingcamp.com/contact,2,https://www.antalyatrainingcamp.com/ | https://www.antalyatrainingcamp.com/contact,source_visible_email_found,,,
2026-07-26T06:34:47Z,failed,antalyabiletofisi.com,,,https://antalyabiletofisi.com,antalyabiletofisi.com,,,,0,,homepage_fetch_failed,,,
2026-07-26T06:34:51Z,found,antlinktravel.com,,,https://antlinktravel.com,antlinktravel.com,booking@antlinktravel.com.tr,impallari@gmail.com;hello@rfuenzalida.com;booking@antlinktravel.com.tr;antlink@hs01.kep.tr,https://antlinktravel.com/corporate-services,5,https://antlinktravel.com/ | https://antlinktravel.com/about-us | https://antlinktravel.com/corporate-services | https://antlinktravel.com/contact-us | https://antlinktravel.com/privacy-policy-1,source_visible_email_found,,,
2026-07-26T06:34:54Z,failed,antoriontourism.com,,,https://antoriontourism.com,antoriontourism.com,,,,0,,homepage_fetch_failed,,,
2026-07-26T06:34:54Z,found,arritur.com,,,https://arritur.com,arritur.com,info@arritur.com,info@arritur.com,https://arritur.com/pages/iletisimTR,3,https://arritur.com/ | https://arritur.com/pages/iletisimTR | https://arritur.com/contact-us,source_visible_email_found,,,
2026-07-26T06:35:00Z,found,asosonduty.com,,,https://asosonduty.com,asosonduty.com,sonmez@asosonduty.com,sonmez@asosonduty.com,https://asosonduty.com/en,6,https://asosonduty.com/en | https://asosonduty.com/en/-p1041 | https://asosonduty.com/en/privacy-policy-p1042 | https://asosonduty.com/en/contact | https://asosonduty.com/en | https://asosonduty.com/en,source_visible_email_found,,,
2026-07-26T06:35:04Z,found,auroratravelagency.com,,,https://auroratravelagency.com,auroratravelagency.com,info@auroratravelagency.com,info@auroratravelagency.com,https://auroratravelagency.com/en/,5,https://auroratravelagency.com/en/ | https://auroratravelagency.com/en/antalya-transfer/hakkimizda | https://auroratravelagency.com/en/antalya-transfer-contact | https://auroratravelagency.com/en/page/privacy-policy | https://auroratravelagency.com/en/page/online-sales-contract,source_visible_email_found,,,
2026-07-26T06:35:09Z,found,aytevents.com,,,https://aytevents.com,aytevents.com,info@aytevents.com,info@aytevents.com,https://aytevents.com/iletisim,4,https://aytevents.com/ | https://aytevents.com/hakkimizda | https://aytevents.com/iletisim | https://aytevents.com/tr/iletisim,source_visible_email_found,,,
2026-07-26T06:35:15Z,found,bahatransfer.com,,,https://bahatransfer.com,bahatransfer.com,info@bahatransfer.com,info@bahatransfer.com,https://www.bahatransfer.com/contact,6,https://www.bahatransfer.com | https://www.bahatransfer.com/about-us | https://www.bahatransfer.com/contact | https://www.bahatransfer.com/privacy-policy | https://www.bahatransfer.com/kvkk-lighting-text | https://www.bahatransfer.com/distance-sales-agreement,source_visible_email_found,,,
2026-07-26T06:35:22Z,found,bargilyaturizm.com,,,https://bargilyaturizm.com,bargilyaturizm.com,reservation@bargilyaturizm.com,info@bargilyaturizm.com;reservation@bargilyaturizm.com,https://bargilyaturizm.com/kvkk,5,https://bargilyaturizm.com/ | https://bargilyaturizm.com/iletisim | https://bargilyaturizm.com/erken-rezervasyon-turlari | https://bargilyaturizm.com/yurtdisi-turlar | https://bargilyaturizm.com/kvkk,source_visible_email_found,,,
2026-07-26T06:35:27Z,found,belmondotravel.net,,,https://belmondotravel.net,belmondotravel.net,info@belmondosuites.com,info@belmondosuites.com,https://www.belmondotravel.net/,1,https://www.belmondotravel.net/,source_visible_email_found,,,
2026-07-26T06:35:35Z,found,best-servicetravel.com,,,https://best-servicetravel.com,best-servicetravel.com,info@best-servicetravel.com,info@best-servicetravel.com,https://www.best-servicetravel.com/,3,https://www.best-servicetravel.com/ | https://www.best-servicetravel.com/about/ | https://www.best-servicetravel.com/contacts/,source_visible_email_found,,,
2026-07-26T06:35:41Z,found,beveltravel.com,,,https://beveltravel.com,beveltravel.com,info@beveltravel.com,info@beveltravel.com,https://beveltravel.com/,4,https://beveltravel.com/ | https://beveltravel.com/hakkimizda/ | https://beveltravel.com/iletisim/ | https://beveltravel.com/rezervasyon/,source_visible_email_found,,,
2026-07-26T06:35:51Z,no_email,biletdukkani.com,,,https://biletdukkani.com,biletdukkani.com,,,,6,https://biletdukkani.com/ | https://biletdukkani.com/contact | https://biletdukkani.com/contact-us | https://biletdukkani.com/contacts | https://biletdukkani.com/iletisim | https://biletdukkani.com/ileti%C5%9Fim,no_source_visible_email,,,
2026-07-26T06:35:53Z,found,belektetatil.com,,,https://belektetatil.com,belektetatil.com,i.cihangirgolfvillage@gmail.com,i.cihangirgolfvillage@gmail.com,https://bluehomesagency.com/iletisim/,3,https://bluehomesagency.com/ | https://bluehomesagency.com/hakkimizda/ | https://bluehomesagency.com/iletisim/,source_visible_email_found,,,
2026-07-26T06:36:06Z,found,bookingpro.com.tr,,,https://bookingpro.com.tr,bookingpro.com.tr,info@bookingpro.com.tr,info@bookingpro.com.tr,https://blog.bookingpro.com.tr/,6,https://bookingpro.com.tr/ | https://bookingpro.com.tr/kibris-otellerimiz | https://blog.bookingpro.com.tr/ | https://bookingpro.com.tr/Otel | https://bookingpro.com.tr/akdeniz-otelleri | https://bookingpro.com.tr/contact,source_visible_email_found,,,
2026-07-26T06:36:12Z,found,btstur.com,,,https://btstur.com,btstur.com,info@btstur.com,info@btstur.com;ornek@eposta.com;you@email.com;sie@email.com,https://btstur.com/,1,https://btstur.com/,source_visible_email_found,,,
2026-07-26T06:36:24Z,found,capavia.com.tr,,,https://capavia.com.tr,capavia.com.tr,info@capavia.com.tr,info@capavia.se;info@capavia.com.tr;capavia@capavia.se,https://capavia.com.tr/,5,https://capavia.com.tr/ | https://capavia.com.tr/hotel-accomodation-services.php | https://capavia.com.tr/about-us.php | https://capavia.com.tr/contact.php | https://capavia.com.tr/legal-documents.php,source_visible_email_found,,,
2026-07-26T06:36:28Z,found,cevhertur.com,,,https://cevhertur.com,cevhertur.com,info@cevhertur.com,info@cevhertur.com;editor@cevhertur.com;ik@cevhertur.com,https://www.cevhertur.com/,5,https://www.cevhertur.com/ | https://www.cevhertur.com/kurumsal/hakkimizda/ | https://www.cevhertur.com/kurumsal/kalite-politikamiz/ | https://www.cevhertur.com/kurumsal/insan-kaynaklari/ | https://www.cevhertur.com/iletisim/,source_visible_email_found,,,
2026-07-26T06:36:38Z,no_email,consultravel.com.tr,,,https://consultravel.com.tr,consultravel.com.tr,,,,1,https://www.consultravel.com.tr/,no_source_visible_email,,,
2026-07-26T06:36:44Z,failed,craftantalya.com,,,https://craftantalya.com,craftantalya.com,,,,0,,homepage_fetch_failed,,,
2026-07-26T06:36:45Z,found,davinatur.com.tr,,,https://davinatur.com.tr,davinatur.com.tr,info@davinatur.com.tr,info@davinatur.com.tr;destek@bizimhesap.com;nfo@dalindatur.com.tr,https://davinatur.com.tr/,5,https://davinatur.com.tr/ | https://www.davinatur.com.tr/sayfa/hakkimizda/14 | https://www.davinatur.com.tr/contact.php | https://www.davinatur.com.tr/sayfa/gizlilik-politikasi/16 | https://www.davinatur.com.tr/sayfa/kvkk-aciklama-metni/18,source_visible_email_found,,,
2026-07-26T06:36:51Z,failed,davincitur.com,,,https://davincitur.com,davincitur.com,,,,0,,homepage_fetch_failed,,,
2026-07-26T06:36:51Z,no_email,diamondvoyage.com.tr,,,https://diamondvoyage.com.tr,diamondvoyage.com.tr,,,,1,https://diamondvoyage.com.tr/,no_source_visible_email,,,
2026-07-26T06:36:55Z,found,dilyatravel.com,,,https://dilyatravel.com,dilyatravel.com,info@dilyatravel.com,info@dilyatravel.com,https://www.dilyatravel.com/,4,https://www.dilyatravel.com/ | https://www.dilyatravel.com/kurumsal/ | https://www.dilyatravel.com/iletisim/ | https://www.dilyatravel.com/antalya/otel-rezervasyonu/,source_visible_email_found,,,
2026-07-26T06:37:05Z,found,dopamintravel.com.tr,,,https://dopamintravel.com.tr,dopamintravel.com.tr,info@dopamintravel.com.tr,info@dopamintravel.com.tr,https://www.dopamintravel.com.tr/,1,https://www.dopamintravel.com.tr/,source_visible_email_found,,,
2026-07-26T06:37:08Z,found,endatour.com,,,https://endatour.com,endatour.com,reservation@enda-tour.com,samil@enda-tour.com;kadir@enda-tour.com;muhasebe2@enda-tour.com;reservation1@enda-tour.com;sports@enda-tour.com;operation@enda-tour.com;erhan.yasacan@gmail.com;tofik@enda-tour.com;reservation@enda-tour.com,https://endatour.com/,6,https://endatour.com/ | https://endatour.com/tr/hakkimizda | https://endatour.com/tr/iletisim | https://endatour.com/contact | https://endatour.com/contact-us | https://endatour.com/contacts,source_visible_email_found,,,
2026-07-26T06:37:12Z,found,etstur.com,,,https://etstur.com,etstur.com,ileti@etstur.com,ileti@etstur.com;merkezsatis@etstur.com,https://www.etstur.com/,5,https://www.etstur.com/ | https://www.etstur.com/Cruise-Gemi-Turlari/Online-Rezervasyon | https://www.etstur.com/Rezervasyon-Yonetimi | https://www.etstur.com/Satis-Acentelerimiz | https://www.etstur.com/Kampanyalar/eSim-1GB-internet-hediye,source_visible_email_found,,,
2026-07-26T06:37:17Z,no_email,arabicantalya.com,,,https://arabicantalya.com,arabicantalya.com,,,,6,https://arabicantalya.com/ | https://arabicantalya.com/contact | https://arabicantalya.com/contact-us | https://arabicantalya.com/contacts | https://arabicantalya.com/iletisim | https://arabicantalya.com/ileti%C5%9Fim,no_source_visible_email,,,
2026-07-26T06:37:19Z,found,fibula.com,,,https://fibula.com,fibula.com,info@fibula.com,info@fibula.com,https://www.fibula.com/,1,https://www.fibula.com/,source_visible_email_found,,,
2026-07-26T06:37:21Z,found,fourgrouptravel.com,,,https://fourgrouptravel.com,fourgrouptravel.com,info@fourgrouptravel.com,info@fourgrouptravel.com,https://fourgrouptravel.com/,1,https://fourgrouptravel.com/,source_visible_email_found,,,
2026-07-26T06:37:34Z,failed,fsprivattransfer.com,,,https://fsprivattransfer.com,fsprivattransfer.com,,,,0,,homepage_fetch_failed,,,
2026-07-26T06:37:58Z,found,gezinomi.com,,,https://gezinomi.com,gezinomi.com,ornek@mail.com,ornek@mail.com,https://www.gezinomi.com/iletisim,6,https://www.gezinomi.com/ | https://www.gezinomi.com/otelleri/2026-erken-rezervasyon-otelleri | https://www.gezinomi.com/hakkimizda | https://www.gezinomi.com/iletisim | https://www.gezinomi.com/kvkk | https://www.gezinomi.com/rezervasyon-sorgulama,source_visible_email_found,,,
2026-07-26T06:38:06Z,found,cityzore.com,,,https://cityzore.com,cityzore.com,contact@cityzore.com,contact@cityzore.com,https://www.cityzore.com/,3,https://www.cityzore.com/ | https://www.cityzore.com/about-us | https://www.cityzore.com/privacy-policy,source_visible_email_found,,,
2026-07-26T06:38:11Z,failed,yatliman.com,,,https://yatliman.com,yatliman.com,,,,0,,homepage_fetch_failed,,,
2026-07-26T06:38:31Z,found,goantalyatours.com,,,https://goantalyatours.com,goantalyatours.com,info@goantalyatours.com,ernailuslu@gmail.com;info@goantalyatours.com,https://goantalyatours.com/,6,https://goantalyatours.com/ | https://goantalyatours.com/tr/antalya-tur-firmasi | https://goantalyatours.com/tr/antalya-tur-firmasi-iletisim | https://goantalyatours.com/tr/antalya-turlar | https://goantalyatours.com/tr/mesafeli-satis-sozlesmesi | https://goantalyatours.com/contact,source_visible_email_found,,,
2026-07-26T06:38:35Z,no_email,gokan.com.tr,,,https://gokan.com.tr,gokan.com.tr,,,,3,https://gokan.com.tr/ | https://gokan.com.tr/kurumsal.html | https://gokan.com.tr/iletisim.html,no_source_visible_email,,,
2026-07-26T06:38:38Z,found,golfplus.travel,,,https://golfplus.travel,golfplus.travel,info@golfplus.travel,info@golfplus.travel,https://golfplus.travel/,1,https://golfplus.travel/,source_visible_email_found,,,
2026-07-26T06:38:44Z,found,greenlifetravels.com.tr,,,https://greenlifetravels.com.tr,greenlifetravels.com.tr,iletisim@greenlifetravels.com.tr,iletisim@greenlifetravels.com.tr,https://greenlifetravels.com.tr/,4,https://greenlifetravels.com.tr/ | https://greenlifetravels.com.tr/iletisim/ | https://greenlifetravels.com.tr/hakkimizda/ | https://greenlifetravels.com.tr/mesafeli-satis-sozlesmesi/,source_visible_email_found,,,
2026-07-26T06:38:59Z,found,greentreetravel.com,,,https://greentreetravel.com,greentreetravel.com,greentreetravel@gmail.com,greentreetravel@gmail.com,https://greentreetravel.com/en/,6,https://greentreetravel.com/en/ | https://greentreetravel.com/en/contact | https://greentreetravel.com/en/contact-us | https://greentreetravel.com/en/contacts | https://greentreetravel.com/en/iletisim | https://greentreetravel.com/en/ileti%C5%9Fim,source_visible_email_found,,,
2026-07-26T06:39:04Z,no_email,guneyakdeniz.com,,,https://guneyakdeniz.com,guneyakdeniz.com,,,,4,https://guneyakdeniz.com/ | https://guneyakdeniz.com/kvkk.asp | https://secure.guneyakdeniz.com/ | https://secure.guneyakdeniz.com/PnrAra.aspx,no_source_visible_email,,,
2026-07-26T06:39:09Z,failed,hanagrup.com,,,https://hanagrup.com,hanagrup.com,,,,0,,homepage_fetch_failed,,,
2026-07-26T06:39:10Z,found,harratravel.com,,,https://harratravel.com,harratravel.com,info@harratravel.com,info@harratravel.com,https://harratravel.com/,6,https://harratravel.com/ | https://harratravel.com/hakkimizda | https://harratravel.com/contact | https://harratravel.com/contact-us | https://harratravel.com/contacts | https://harratravel.com/iletisim,source_visible_email_found,,,
2026-07-26T06:39:13Z,found,heptatilde.com,,,https://heptatilde.com,heptatilde.com,info@heptatilde.com,info@heptatilde.com,https://heptatilde.com/,4,https://heptatilde.com/ | https://heptatilde.com/iletisim | https://heptatilde.com/hakkimizda | https://heptatilde.com/iletisim,source_visible_email_found,,,
2026-07-26T06:39:19Z,found,hitravel.com.tr,,,https://hitravel.com.tr,hitravel.com.tr,info@hitravel.com.tr,ornek@email.com;u003einfo@hitravel.com.tr;info@hitravel.com.tr,https://hitravel.com.tr/tr,6,https://hitravel.com.tr/tr | https://hitravel.com.tr/tr/ileti%C5%9Fim | https://hitravel.com.tr/tr/gizlilik | https://hitravel.com.tr/tr/sales | https://hitravel.com.tr/tr/distance-sales | https://hitravel.com.tr/tr/ileti%C5%9Fim,source_visible_email_found,,,
2026-07-26T06:39:24Z,found,hisarturizm.com.tr,,,https://hisarturizm.com.tr,hisarturizm.com.tr,kurumsal@hisarturizm.com.tr,hisar@hisarturizm.com.tr;kurumsal@hisarturizm.com.tr;hizmet@hs01.kep.tr,https://hisarturizm.com.tr/kurumsal-umre/,5,https://hisarturizm.com.tr/ | https://hisarturizm.com.tr/kurumsal-umre/ | https://hisarturizm.com.tr/iletisim/ | https://hisarturizm.com.tr/kvkk-politikamiz/ | https://hisarturizm.com.tr/hakkimizda/,source_visible_email_found,,,
2026-07-26T06:39:30Z,failed,tanyuturizm.com.tr,,,https://tanyuturizm.com.tr,tanyuturizm.com.tr,,,,0,,homepage_fetch_failed,,,
2026-07-26T06:39:36Z,found,holidayline.com.tr,,,https://holidayline.com.tr,holidayline.com.tr,info@holidayline.com.tr,info@holidayline.com.tr,https://holidayline.com.tr/,1,https://holidayline.com.tr/,source_visible_email_found,,,
2026-07-26T06:39:51Z,failed,homaturkey.com,,,https://homaturkey.com,homaturkey.com,,,,0,,homepage_fetch_failed,,,
2026-07-26T06:39:51Z,found,hrmturizm.com.tr,,,https://hrmturizm.com.tr,hrmturizm.com.tr,info@hrmturizm.com.tr,info@hrmturizm.com.tr,https://www.hrmturizm.com.tr/,3,https://www.hrmturizm.com.tr/ | https://www.hrmturizm.com.tr/index.php/kurumsal/ | https://www.hrmturizm.com.tr/index.php/iletisim/,source_visible_email_found,,,
2026-07-26T06:39:59Z,no_email,find.com.tr,,,https://find.com.tr,find.com.tr,,,,3,https://www.find.com.tr | https://www.find.com.tr/Contact | https://www.find.com.tr/contact,no_source_visible_email,,,
2026-07-26T06:40:04Z,found,kasmetravel.com,,,https://kasmetravel.com,kasmetravel.com,info@kasmetravel.com,%20info@kasmetravel.com;info@kasmetravel.com,https://kasmetravel.com/,5,https://kasmetravel.com/ | https://kasmetravel.com/about-us/ | https://kasmetravel.com/contact-us/ | https://kasmetravel.com/contact-us/ | https://kasmetravel.com/contact-us/,source_visible_email_found,,,
2026-07-26T06:40:17Z,no_email,kemerconsultingturkiye.com,,,https://kemerconsultingturkiye.com,kemerconsultingturkiye.com,,,,1,https://kemerconsultingturkiye.com/,no_source_visible_email,,,
2026-07-26T06:40:22Z,no_email,konyaaltitravel.com,,,https://konyaaltitravel.com,konyaaltitravel.com,,,,5,https://konyaaltitravel.com/ | https://konyaaltitravel.com/index.php/kurumsal/antalya-ucak-bileti-hakkimizda | https://konyaaltitravel.com/index.php/kurumsal/sirket-profili | https://konyaaltitravel.com/index.php/iletisim | https://konyaaltitravel.com/index.php/kurumsal/antalya-ucak-bileti-hakkimizda,no_source_visible_email,,,
2026-07-26T06:40:26Z,found,kumselitur.com,,,https://kumselitur.com,kumselitur.com,info@kumselitur.com,info@kumselitur.com,https://kumselitur.com/,6,https://kumselitur.com/ | https://kumselitur.com/hakkimizda/ | https://kumselitur.com/iletisim/ | https://kumselitur.com/tur/haftada-3-gun-kekova-yat-turu/ | https://kumselitur.com/tur/her-gun-adrasan-suluada-koylar-yat-turu-2/ | https://kumselitur.com/tur/her-gun-antalya-su-alti-tuplu-dalis-turu/,source_visible_email_found,,,
2026-07-26T06:40:33Z,failed,lazyducktravel.com,,,https://lazyducktravel.com,lazyducktravel.com,,,,0,,homepage_fetch_failed,,,
2026-07-26T06:40:34Z,found,likyanaturetravel.com,,,https://likyanaturetravel.com,likyanaturetravel.com,info@likyanaturetravel.com,info@likyanaturetravel.com,https://www.likyanaturetravel.com/tr,6,https://www.likyanaturetravel.com/tr | https://www.likyanaturetravel.com/tr/hakkimizda | https://www.likyanaturetravel.com/tr/hakkimizda/hakkimizda.html | https://www.likyanaturetravel.com/tr/hakkimizda/acenta-bilgileri.html | https://www.likyanaturetravel.com/tr/yorumlar | https://www.likyanaturetravel.com/tr/hakkimizda/hesap-numaralari.html,source_visible_email_found,,,
2026-07-26T06:40:38Z,found,limancepte.com,,,https://limancepte.com,limancepte.com,booking@limancepte.com,booking@limancepte.com;ornek@email.com,https://www.limancepte.com/,5,https://www.limancepte.com/ | https://www.limancepte.com/yatta-kurumsal-toplanti/ | https://www.limancepte.com/hakkimizda/ | https://www.limancepte.com/iletisim/ | https://www.limancepte.com/kvkk/,source_visible_email_found,,,
2026-07-26T06:40:43Z,found,lunablutravel.com,,,https://lunablutravel.com,lunablutravel.com,info@lunablutravel.com,info@lunablutravel.com,https://lunablutravel.com/,4,https://lunablutravel.com/ | https://lunablutravel.com/hakkimizda | https://lunablutravel.com/iletisim | https://lunablutravel.com/erken-rezervasyon,source_visible_email_found,,,
2026-07-26T06:40:48Z,found,luxevacationtour.com,,,https://luxevacationtour.com,luxevacationtour.com,reservation@luxevacationtour.com,product@luxevacationtour.com;aytproduct@luxevacationtour.com;operation@luxevacationtour.com;aytoperation@luxevacationtour.com;reservation@luxevacationtour.com;aytreservation@luxevacationtour.com;muhasebe@luxevacationtour.com;aytmuhasebe@luxevacationtour.com,https://www.luxevacationtour.com/contact,4,https://www.luxevacationtour.com/ | https://b2b.luxevacationtour.com/ | https://www.luxevacationtour.com/about | https://www.luxevacationtour.com/contact,source_visible_email_found,,,
2026-07-26T06:40:54Z,found,manageyourholiday.com,,,https://manageyourholiday.com,manageyourholiday.com,info@manageyourholiday.com,info@manageyourholiday.com,https://manageyourholiday.com/,4,https://manageyourholiday.com/ | https://manageyourholiday.com/hakkimizda | https://manageyourholiday.com/iletisim | https://manageyourholiday.com/iletisim,source_visible_email_found,,,
2026-07-26T06:40:59Z,found,markantalyaturizm.com,,,https://markantalyaturizm.com,markantalyaturizm.com,info@markantalyaturizm.com,info@markantalyaturizm.com,http://www.markantalyaturizm.com/,1,http://www.markantalyaturizm.com/,source_visible_email_found,,,
2026-07-26T06:41:06Z,found,mediprive.com,,,https://mediprive.com,mediprive.com,info@mediprive.com,mali@mediprive.com;info@mediprive.com;ibrahim.demirel@mediprive.com;kays.gassani@mediprive.com,https://www.mediprive.com/iletisim/,4,https://www.mediprive.com/ | https://www.mediprive.com/hakkimizda/ | https://www.mediprive.com/iletisim/ | https://www.mediprive.com/en/contact/,source_visible_email_found,,,
2026-07-26T06:41:13Z,found,mondotouristic.com,,,https://mondotouristic.com,mondotouristic.com,info@mondotouristic.com,info@mondotouristic.com;ornek@email.com,https://www.mondotouristic.com/,2,https://www.mondotouristic.com/ | https://www.mondotouristic.com/sozlesme/kvkk-aydinlatma,source_visible_email_found,,,
2026-07-26T06:41:20Z,failed,msatour.com,,,https://msatour.com,msatour.com,,,,0,,homepage_fetch_failed,,,
2026-07-26T06:41:21Z,no_email,mtsglobe.com,,,https://mtsglobe.com,mtsglobe.com,,,,1,https://mtsglobe.com/,no_source_visible_email,,,
2026-07-26T06:41:25Z,failed,muaztour.com,,,https://muaztour.com,muaztour.com,,,,0,,homepage_fetch_failed,,,
2026-07-26T06:41:49Z,found,mytourantalya.com,,,https://mytourantalya.com,mytourantalya.com,reservation@mytourantalya.com,reservation@mytourantalya.com,https://mytourantalya.com/,5,https://mytourantalya.com/ | https://mytourantalya.com/TR/hakkimizda | https://mytourantalya.com/TR/iletisim | https://mytourantalya.com/TR/kvkk | https://mytourantalya.com/TR/iletisim-12,source_visible_email_found,,,
2026-07-26T06:41:54Z,found,namastetravel.co,,,https://namastetravel.co,namastetravel.co,info@namastetravel.co,//info@travellerschoos.com;//info@namastetravel.co;info@travellerschoos.com;info@namastetravel.co;xxxxxxxx@xxxx.com,https://namastetravel.co/contact/,6,https://namastetravel.co/ | https://namastetravel.co/about/ | https://namastetravel.co/contact/ | https://namastetravel.co/policies/privacy-policy/ | https://namastetravel.co/policies/cancellation-and-refund-policy/ | https://namastetravel.co/policies/service-and-sales-agreement/,source_visible_email_found,,,
2026-07-26T06:41:58Z,failed,neretvatur.com,,,https://neretvatur.com,neretvatur.com,,,,0,,homepage_fetch_failed,,,
2026-07-26T06:42:01Z,failed,newstour.com.tr,,,https://newstour.com.tr,newstour.com.tr,,,,0,,homepage_fetch_failed,,,
2026-07-26T06:42:03Z,found,nirvanatour.com,,,https://nirvanatour.com,nirvanatour.com,contact@nirvanatour.com,contact@nirvanatour.com;info@travelantalya.com;info@nirvanatour.com,https://nirvanatour.com/,6,https://nirvanatour.com/ | https://nirvanatour.com/about/ | https://nirvanatour.com/contact/ | https://nirvanatour.com/ba_booking-locations/antalya/ | https://nirvanatour.com/ba_booking-locations/cappadocia/ | https://nirvanatour.com/ba_booking-locations/konya/,source_visible_email_found,,,
2026-07-26T06:42:15Z,no_email,ontaba.com,,,https://ontaba.com,ontaba.com,,,,2,https://ontaba.com/ | https://ontaba.com/contact,no_source_visible_email,,,
2026-07-26T06:42:22Z,found,ozantalyatur.com,,,https://ozantalyatur.com,ozantalyatur.com,ozantalyaturizm@gmail.com,ozantalyaturizm@gmail.com,https://ozantalyatur.com/,5,https://ozantalyatur.com/ | https://ozantalyatur.com/hakkimizda | https://ozantalyatur.com/iletisim | https://ozantalyatur.com/gizlilik | https://ozantalyatur.com/mybooking,source_visible_email_found,,,
2026-07-26T06:42:26Z,found,ozkaymak.com.tr,,,https://ozkaymak.com.tr,ozkaymak.com.tr,seyahat@ozkaymak.com.tr,seyahat@ozkaymak.com.tr,https://ozkaymak.com.tr/,6,https://ozkaymak.com.tr/ | https://ozkaymak.com.tr/kurumsal.php | https://ozkaymak.com.tr/kurumsal_tarihcemiz.php | https://ozkaymak.com.tr/kurumsal_misyon-vizyon.php | https://ozkaymak.com.tr/kurumsal_hizmetlerimiz.php | https://ozkaymak.com.tr/kurumsal_sikayet-oneri.php,source_visible_email_found,,,
2026-07-26T06:42:29Z,found,pegast.ge,,,https://pegast.ge,pegast.ge,finance@pegast.ge,georgia@pegast.ge;salome.beraia@pegast.com;salome.janashia@pegast.az;finance@pegast.ge;salome.janashia@pegast.ge,https://pegast.ge/contacts,2,https://pegast.ge/ | https://pegast.ge/contacts,source_visible_email_found,,,
2026-07-26T06:42:35Z,found,portaltravel.net,,,https://portaltravel.net,portaltravel.net,info@portaltravel.net,info@portaltravel.net,https://portaltravel.net/,6,https://portaltravel.net/ | https://portaltravel.net/about-us/hakkimizda | https://portaltravel.net/iletisim | https://portaltravel.net/tur/35/pamukkale-indirim | https://portaltravel.net/tur/36/tahtali-phaselis | https://portaltravel.net/tur/37/perge-kursunlu-selalesi,source_visible_email_found,,,
2026-07-26T06:42:41Z,found,premium.com.tr,,,https://premium.com.tr,premium.com.tr,info@premium.com.tr,info@premium.com.tr,https://premium.com.tr/,6,https://premium.com.tr/ | https://premium.com.tr/RU/contact-us | https://premium.com.tr/RU/about-us | https://premium.com.tr/RU/about-us/ticketing-108 | https://premium.com.tr/RU/contact-us/contact-info | https://premium.com.tr/RU/contact-us/bank-account-numbers,source_visible_email_found,,,
2026-07-26T06:42:49Z,found,primetravel.com.tr,,,https://primetravel.com.tr,primetravel.com.tr,reservations@primetravel.com.tr,f.muku@primetravel.com.tr;h.kayhan@primetravel.com.tr;invoice@primetravel.com.tr;product@primetravel.com.tr;optimisations@primetravel.com.tr;destek@primetravel.com.tr;reservations@primetravel.com.tr;i.alan@primetravel.com.tr;account@primetravel.com.tr,https://primetravel.com.tr/why-prime-travel,4,https://primetravel.com.tr/ | https://primetravel.com.tr/why-prime-travel | https://primetravel.com.tr/contact | https://primetravel.com.tr/privacy-policy,source_visible_email_found,,,
2026-07-26T06:42:53Z,found,redwhitetours.com,,,https://redwhitetours.com,redwhitetours.com,redwhitetours@gmail.com,redwhitetours@gmail.com,https://redwhitetours.com/,3,https://redwhitetours.com/ | https://redwhitetours.com/hakkimizda | https://redwhitetours.com/iletisim,source_visible_email_found,,,
2026-07-26T06:43:04Z,no_email,rst-travel.com,,,https://rst-travel.com,rst-travel.com,,,,1,https://rst-travel.com/,no_source_visible_email,,,
2026-07-26T06:43:07Z,found,safaraq.com,,,https://safaraq.com,safaraq.com,info@safaraq.com,info@safaraq.com;finance@safaraq.ae,https://www.safaraq.com/,3,https://www.safaraq.com/ | https://www.safaraq.com/en/contact-us | https://www.safaraq.com/ar/contact-us,source_visible_email_found,,,
2026-07-26T06:43:13Z,found,sayimtur.com,,,https://sayimtur.com,sayimtur.com,info@sayimtur.com,info@sayimtur.com,http://sayimtur.com/,3,http://sayimtur.com/ | http://sayimtur.com/sayfa/hakkimizda.html | http://sayimtur.com/iletisim.html,source_visible_email_found,,,
2026-07-26T06:43:18Z,found,sebagolf.com,,,https://sebagolf.com,sebagolf.com,info@sebagolf.com,info@sebagolf.com,https://sebagolf.com/en/Contact%20Us,6,https://sebagolf.com/en | https://sebagolf.com/en/Contact%20Us | https://sebagolf.com/en/Mardan%20Palace | https://sebagolf.com/en/hamma-turkish-bath-spa%20(Half-Day%20Tour) | https://sebagolf.com/en/About%20Us | https://sebagolf.com/en/Distance%20Sales%20Contract,source_visible_email_found,,,
2026-07-26T06:43:24Z,found,sekerlergrup.com.tr,,,https://sekerlergrup.com.tr,sekerlergrup.com.tr,info@sekerlergrup.com.tr,info@uptein.com;info@sekerlergurp.com.tr;support@xtrawebsite.com;info@sekerlergrup.com.tr,https://sekerlergrup.com.tr/iletisim/,3,https://sekerlergrup.com.tr/ | https://sekerlergrup.com.tr/iletisim/ | https://sekerlergrup.com.tr/iletisim/,source_visible_email_found,,,
2026-07-26T06:44:08Z,failed,tikla.com.tr,,,https://tikla.com.tr,tikla.com.tr,,,,0,,homepage_fetch_failed,,,
2026-07-26T06:44:31Z,found,skyavia.com,,,https://skyavia.com,skyavia.com,info@skyavia.com,ornek@email.com;info@skyavia.com;destek@skyavia.com,https://www.skyavia.com/,4,https://www.skyavia.com/ | https://www.skyavia.com/iletisim | https://www.skyavia.com/hakkimizda | https://www.skyavia.com/kvkk,source_visible_email_found,,,
2026-07-26T06:44:33Z,failed,snapturizm.com.tr,,,https://snapturizm.com.tr,snapturizm.com.tr,,,,0,,homepage_fetch_failed,,,
2026-07-26T06:44:36Z,found,solymostravel.com,,,https://solymostravel.com,solymostravel.com,info@solymostravel.com,//info@solymostravel.com;info@solymostravel.com;//info@travellerschoos.com;info@travellerschoos.com,https://www.solymostravel.com/,6,https://www.solymostravel.com/ | https://www.solymostravel.com/about/ | https://www.solymostravel.com/contact/ | https://www.solymostravel.com/about/ | https://www.solymostravel.com/contact/ | https://www.solymostravel.com/policies/privacy-policy/,source_visible_email_found,,,
2026-07-26T06:44:51Z,found,springtime.com.tr,,,https://springtime.com.tr,springtime.com.tr,info@springtime.com.tr,info@springtime.com.tr,https://www.springtime.com.tr/tr,6,https://www.springtime.com.tr/tr | https://www.springtime.com.tr/tr/about-us | https://www.springtime.com.tr/tr/contact | https://www.springtime.com.tr/tr/haber/tahliye-ucuslarinin-rezervasyonlu-yapilmasi-hakkinda-onemli-bilgilendirme/24 | https://www.springtime.com.tr/tr | https://www.springtime.com.tr/tr,source_visible_email_found,,,
2026-07-26T06:44:56Z,found,talyatur.com,,,https://talyatur.com,talyatur.com,info@talyatur.com,info@talyatur.com,https://talyatur.com/,4,https://talyatur.com/ | https://talyatur.com/hakkimizda | https://talyatur.com/mesafeli-satis-sozlesme | https://talyatur.com/iletisim,source_visible_email_found,,,
2026-07-26T06:45:01Z,found,tangierstravel.com,,,https://tangierstravel.com,tangierstravel.com,info@tangierstravel.com,info@tangierstravel.com,https://tangierstravel.com/contact-us,6,https://tangierstravel.com/ | https://tangierstravel.com/contact | https://tangierstravel.com/contact-us | https://tangierstravel.com/contacts | https://tangierstravel.com/iletisim | https://tangierstravel.com/ileti%C5%9Fim,source_visible_email_found,,,
2026-07-26T06:45:05Z,no_email,tatildeneyimi.com,,,https://tatildeneyimi.com,tatildeneyimi.com,,,,6,https://tatildeneyimi.com/hotel | https://tatildeneyimi.com/content/about | https://tatildeneyimi.com/content/contracts/13 | https://tatildeneyimi.com/content/contracts/11 | https://tatildeneyimi.com/contact | https://tatildeneyimi.com/contact-us,no_source_visible_email,,,
2026-07-26T06:45:09Z,found,tatilfuryasi.com,,,https://tatilfuryasi.com,tatilfuryasi.com,info@tatilfuryasi.com,bilgi@tatilfuryasi.com;info@tatilfuryasi.com;hello@traip.com;hellony@traip.com,https://tatilfuryasi.com/,5,https://tatilfuryasi.com/ | https://tatilfuryasi.com/hakkimizda | https://tatilfuryasi.com/iletisim | https://tatilfuryasi.com/kvkk | https://tatilfuryasi.com/mesafeli,source_visible_email_found,,,
2026-07-26T06:45:13Z,no_email,tatilhakkinda.com,,,https://tatilhakkinda.com,tatilhakkinda.com,,,,6,https://www.tatilhakkinda.com/hotel | https://www.tatilhakkinda.com/content/about | https://www.tatilhakkinda.com/content/contracts/13 | https://www.tatilhakkinda.com/content/contracts/11 | https://www.tatilhakkinda.com/contact | https://www.tatilhakkinda.com/contact-us,no_source_visible_email,,,
2026-07-26T06:45:18Z,found,telgraftur.com,,,https://telgraftur.com,telgraftur.com,info@telgraftur.com,info@telgraftur.com,https://telgraftur.com/tr,5,https://telgraftur.com/tr | https://telgraftur.com/tr/hakkimizda.html | https://telgraftur.com/tr/kurumsal-konaklamalar.html | https://telgraftur.com/tr/iletisim.html | https://telgraftur.com/tr/projeler/11-gekvizyon-satis-etkinligi.html,source_visible_email_found,,,
2026-07-26T06:45:22Z,found,tietur.com,,,https://tietur.com,tietur.com,info@tietur.com,info@tietur.com;destek@tietur.com;tieturizm@hs01.kep.tr,https://tietur.com/,6,https://tietur.com/ | https://tietur.com/corporate | https://tietur.com/iletisim | https://tietur.com/yol-ve-yolcuya-dair | https://tietur.com/gizlilik | https://tietur.com/kvkk,source_visible_email_found,,,
2026-07-26T06:45:27Z,found,tirantravel.com,,,https://tirantravel.com,tirantravel.com,iletisim@tirantravel.com,iletisim@tirantravel.com,https://tirantravel.com/,1,https://tirantravel.com/,source_visible_email_found,,,
2026-07-26T06:45:32Z,found,tolimtur.com,,,https://tolimtur.com,tolimtur.com,info@tolimtur.com,info@tolimtur.com,https://tolimtur.com/,6,https://tolimtur.com/ | https://tolimtur.com/turlar-56-erken-rezer-firsatlari.html | https://tolimtur.com/iletisim | https://tolimtur.com/kat-1-erken-rezervasyon.html | https://tolimtur.com/hakkimizda | https://tolimtur.com/iletisim,source_visible_email_found,,,
2026-07-26T06:45:37Z,failed,traveyo.com,,,https://traveyo.com,traveyo.com,,,,0,,homepage_fetch_failed,,,
2026-07-26T06:45:37Z,found,ucantravel.tr,,,https://ucantravel.tr,ucantravel.tr,info@ucantravel.tr,//info@ucantravel.tr;info@ucantravel.tr;//info@travellerschoos.com;info@travellerschoos.com,https://ucantravel.tr/,6,https://ucantravel.tr/ | https://ucantravel.tr/about/ | https://ucantravel.tr/contact/ | https://ucantravel.tr/policies/cancellation-and-refund-policy/ | https://ucantravel.tr/policies/gdr/ | https://ucantravel.tr/policies/privacy-policy/,source_visible_email_found,,,
2026-07-26T06:45:48Z,found,biletalya.com,,,https://biletalya.com,biletalya.com,info@biletalya.com,info@biletalya.com,https://biletalya.com/iletisim/,4,https://biletalya.com/ | https://biletalya.com/hakkimizda/ | https://biletalya.com/iletisim/ | https://biletalya.com,source_visible_email_found,,,
2026-07-26T06:45:53Z,found,uygunofis.com,,,https://uygunofis.com,uygunofis.com,iletisim@uygunofis.com,iletisim@uygunofis.com,https://uygunofis.com/iletisim/,6,https://uygunofis.com/ | https://uygunofis.com/hakkimizda/ | https://uygunofis.com/iletisim/ | https://uygunofis.com/hakkimizda/ | https://uygunofis.com/iletisim/ | https://uygunofis.com/iletisim/,source_visible_email_found,,,
2026-07-26T06:45:58Z,failed,wahatalasad.com,,,https://wahatalasad.com,wahatalasad.com,,,,0,,homepage_fetch_failed,,,
2026-07-26T06:45:58Z,no_email,winnerorganisations.com,,,https://winnerorganisations.com,winnerorganisations.com,,,,1,https://winnerorganisations.com/,no_source_visible_email,,,
2026-07-26T06:46:02Z,failed,yardimtur.com,,,https://yardimtur.com,yardimtur.com,,,,0,,homepage_fetch_failed,,,
2026-07-26T06:46:02Z,found,ycbholidays.com,,,https://ycbholidays.com,ycbholidays.com,sales@ycbholidays.com,sales@ycbholidays.com;info@ycbholidays.com;reservation@ycbholidays.com,https://ycbholidays.com/,5,https://ycbholidays.com/ | https://ycbholidays.com/about-us/ | https://ycbholidays.com/contact-us/ | https://ycbholidays.com/contact-us/ | https://ycbholidays.com/contact-us/,source_visible_email_found,,,
2026-07-26T06:46:13Z,found,yesarturizm.com,,,https://yesarturizm.com,yesarturizm.com,info@yesarturizm.com,info@yesarturizm.com,https://yesarturizm.com/,5,https://yesarturizm.com/ | https://yesarturizm.com/hakkimizda/ | https://yesarturizm.com/iletisim/ | https://yesarturizm.com/hakkimizda/ | https://yesarturizm.com/iletisim/,source_visible_email_found,,,
2026-07-26T06:46:21Z,failed,yurtdisirotalar.com,,,https://yurtdisirotalar.com,yurtdisirotalar.com,,,,0,,homepage_fetch_failed,,,
2026-07-26T06:46:22Z,found,antalyayachtrent.com,,,https://antalyayachtrent.com,antalyayachtrent.com,info@antalyayachtrent.com,info@antalyayachtrent.com,https://antalyayachtrent.com/,4,https://antalyayachtrent.com/ | https://antalyayachtrent.com/en/about | https://antalyayachtrent.com/en/contact | https://antalyayachtrent.com/en/information/kvkk/3,source_visible_email_found,,,
